{"Muy Cerca":{"PLAZAS":35.2364125101,"PARQUES":288.0843357052,"PARADEROS_TRANSPORTE":155.617723942,"EDUCACION_INICIAL":117.6727831279,"EDUCACION_BASICA":159.3363752899,"CENTROS_SALUD":327.1309786216,"UNIDAD_CARABINEROS":402.4627462153,"Total":1485.5413554119},"Cerca":{"PLAZAS":72.4085600988,"PARQUES":723.6476608907,"PARADEROS_TRANSPORTE":314.9330755651,"EDUCACION_INICIAL":246.3593963291,"EDUCACION_BASICA":321.2818866524,"CENTROS_SALUD":676.7591313782,"UNIDAD_CARABINEROS":843.1581405317,"Total":3198.547851446},"Regular":{"PLAZAS":112.1173840758,"PARQUES":1082.8613096414,"PARADEROS_TRANSPORTE":455.9243849155,"EDUCACION_INICIAL":419.5376392168,"EDUCACION_BASICA":476.2088981259,"CENTROS_SALUD":1365.5448294482,"UNIDAD_CARABINEROS":1382.8230749443,"Total":5295.017520368},"Lejos":{"PLAZAS":165.7245240383,"PARQUES":1415.6768078815,"PARADEROS_TRANSPORTE":680.1986914517,"EDUCACION_INICIAL":776.0325852115,"EDUCACION_BASICA":670.4058732955,"CENTROS_SALUD":2274.7344594371,"UNIDAD_CARABINEROS":2105.5913264096,"Total":8088.3642677252},"Muy Lejos":{"PLAZAS":278.1004285469,"PARQUES":5552.4862891028,"PARADEROS_TRANSPORTE":4502.9335682459,"EDUCACION_INICIAL":1913.8017763544,"EDUCACION_BASICA":1760.5820440286,"CENTROS_SALUD":6489.5882088904,"UNIDAD_CARABINEROS":3620.5191661436,"Total":24118.0114813125}}